number,name,from_station_code,to_station_code,type
12163,DADAR - CHENNAI EGMORE SF Exp,DR,MS,
12164,DADAR - CHENNAI EGMORE SF Exp,MS,DR,
12373,SEALDAH - RAMPURHAT Intercity SF Exp,SDAH,RPH,
12374,RAMPURHAT - SEALDAH Intercity SF Exp,RPH,SDAH,
12735,SECUNDERABAD - YESVANTPUR Garib Rath Exp,SC,YPR,
12736,YESVANTPUR - SECUNDERABAD Garib Rath Exp,YPR,SC,
12889,TATANAGAR - YESVANTPUR SF Exp,TATA,YPR,
12890,YESVANTPUR - TATANAGAR SF Exp,YPR,TATA,
13257,DANAPUR - DELHI ANAND VIHAR Jan Sadharan Express,DNR,ANVT,
13258,ANAND VIHAR DELHI - DANAPUR JanSadharan Exp,ANVT,DNR,
24041,DELHI SARAI ROHILLA - KOTDWAR Mussoorie Exp,NBD,KTW,
56100,ERODE - METUR DAM PASSENGER,ED,MTDM,
56101,METUR DAM - ERODE PASSENGER,MTDM,ED,
57325,KACHEGUDA - GUNTUR PASS,KCG,GNT,
57326,GUNTUR - KACHEGUDA PASS,GNT,KCG,
