dataset,column,raw_missing,clean_missing
stations,address,4593,4578
stations,code,0,0
stations,country,0,0
stations,has_metadata,0,0
stations,lat,293,278
stations,lon,293,278
stations,name,1,1
stations,state,4593,4580
stations,zone,4638,4623
trains,arrival,15,0
trains,arrival_min,0,0
trains,arrival_time,0,0
trains,avg_speed_kmph,0,27
trains,chair_car,0,0
trains,classes,5208,0
trains,classes_available,0,0
trains,days_en_route,0,1
trains,departure,15,0
trains,departure_min,0,0
trains,departure_time,0,0
trains,dest_state,0,3035
trains,distance,15,0
trains,distance_geo_mismatch,0,0
trains,distance_km,0,27
trains,distance_was_zero,0,0
trains,duration_h,15,0
trains,duration_m,15,0
trains,duration_min,0,1
trains,first_ac,0,0
trains,first_class,0,0
trains,from_station_code,0,0
trains,from_station_name,0,0
trains,geo_ratio,0,36
trains,is_interstate,0,4144
trains,is_overnight,0,1
trains,is_slip_coach,0,0
trains,n_classes,0,0
trains,name,1,0
trains,number,0,0
trains,origin_state,0,3111
trains,return_train,599,0
trains,return_train_no,0,599
trains,route_km_geo,9,9
trains,route_points,0,0
trains,second_ac,0,0
trains,sleeper,0,0
trains,slip_no,0,0
trains,speed_suspect,0,0
trains,third_ac,0,0
trains,to_station_code,0,0
trains,to_station_name,0,0
trains,train_id,0,0
trains,train_no,0,0
trains,train_type,0,0
trains,train_type_code,0,0
trains,type,15,0
trains,zone,290,0
trains,zone_imputed,0,0
